product_id,sku,name,brand,model,version,category,gender,color,material,size,price,cost_price,discount_percent,stock_quantity,rating,review_count,is_active,is_featured,image_url,description
1001,CON-RUN-03-1001,Converse Run Star 3 Green,Converse,Run Star,3,Formal,Women,Green,Canvas,9.5,179.98,96.93,5,37,4.5,1107,False,False,https://assets.solemate.com/products/con-run-03-1001.jpg,"The Converse Run Star 3 in Green is a premium formal shoe made with canvas upper. Designed for women, it offers outstanding comfort and durability."
1002,UND-SPA-10-1002,Under Armour Spawn 10 Green,Under Armour,Spawn,10,Basketball,Women,Green,Knit,9.5,112.97,50.55,15,25,4.4,1767,True,False,https://assets.solemate.com/products/und-spa-10-1002.jpg,"The Under Armour Spawn 10 in Green is a premium basketball shoe made with knit upper. Designed for women, it offers outstanding comfort and durability."
1003,VAN-COM-09-1003,Vans ComfyCush 9 Navy,Vans,ComfyCush,9,Sandals,Men,Navy,Canvas,12,103.46,49.71,25,29,3.2,768,True,False,https://assets.solemate.com/products/van-com-09-1003.jpg,"The Vans ComfyCush 9 in Navy is a premium sandals shoe made with canvas upper. Designed for men, it offers outstanding comfort and durability."
1004,VAN-COM-08-1004,Vans ComfyCush 8 Green,Vans,ComfyCush,8,Boots,Unisex,Green,Suede,6,254.39,109.05,0,15,4.5,300,True,False,https://assets.solemate.com/products/van-com-08-1004.jpg,"The Vans ComfyCush 8 in Green is a premium boots shoe made with suede upper. Designed for unisex, it offers outstanding comfort and durability."
1005,PUM-RS--02-1005,Puma RS-X 2 Beige,Puma,RS-X,2,Boots,Kids,Beige,Canvas,10.5,279.7,145.82,20,13,4.4,64,True,True,https://assets.solemate.com/products/pum-rs--02-1005.jpg,"The Puma RS-X 2 in Beige is a premium boots shoe made with canvas upper. Designed for kids, it offers outstanding comfort and durability."
1006,UND-CHA-12-1006,Under Armour Charged Assert 12 Red,Under Armour,Charged Assert,12,Sandals,Women,Red,Synthetic,9,291.56,183.71,15,64,3.9,1463,True,False,https://assets.solemate.com/products/und-cha-12-1006.jpg,"The Under Armour Charged Assert 12 in Red is a premium sandals shoe made with synthetic upper. Designed for women, it offers outstanding comfort and durability."
1007,SKE-ULT-07-1007,Skechers Ultra Flex 7 Blue,Skechers,Ultra Flex,7,Basketball,Men,Blue,Synthetic,10.5,152.88,77.64,5,33,4.2,1531,True,True,https://assets.solemate.com/products/ske-ult-07-1007.jpg,"The Skechers Ultra Flex 7 in Blue is a premium basketball shoe made with synthetic upper. Designed for men, it offers outstanding comfort and durability."
1008,PUM-SUE-01-1008,Puma Suede 1 Black,Puma,Suede,1,Running,Unisex,Black,Suede,9,130.57,84.29,25,65,4.9,127,True,False,https://assets.solemate.com/products/pum-sue-01-1008.jpg,"The Puma Suede 1 in Black is a premium running shoe made with suede upper. Designed for unisex, it offers outstanding comfort and durability."
1009,UND-STR-06-1009,Under Armour Street Encounter 6 Red,Under Armour,Street Encounter,6,Running,Kids,Red,Rubber,10.5,287.47,157.98,25,89,4.4,772,True,True,https://assets.solemate.com/products/und-str-06-1009.jpg,"The Under Armour Street Encounter 6 in Red is a premium running shoe made with rubber upper. Designed for kids, it offers outstanding comfort and durability."
1010,NEW-574-11-1010,New Balance 574 11 White,New Balance,574,11,Sandals,Kids,White,Synthetic,12,245.39,154.14,20,20,3.7,2411,False,True,https://assets.solemate.com/products/new-574-11-1010.jpg,"The New Balance 574 11 in White is a premium sandals shoe made with synthetic upper. Designed for kids, it offers outstanding comfort and durability."
1011,NEW-FRE-12-1011,New Balance Fresh Foam 12 Grey,New Balance,Fresh Foam,12,Walking,Men,Grey,Mesh,7.5,256.68,112.78,10,39,3.6,420,True,False,https://assets.solemate.com/products/new-fre-12-1011.jpg,"The New Balance Fresh Foam 12 in Grey is a premium walking shoe made with mesh upper. Designed for men, it offers outstanding comfort and durability."
1012,CON-CHU-07-1012,Converse Chuck 70 7 Black,Converse,Chuck 70,7,Casual,Kids,Black,Knit,8,197.59,122.48,5,109,4.5,1886,False,True,https://assets.solemate.com/products/con-chu-07-1012.jpg,"The Converse Chuck 70 7 in Black is a premium casual shoe made with knit upper. Designed for kids, it offers outstanding comfort and durability."
1013,NIK-FRE-04-1013,Nike Free Run 4 Blue,Nike,Free Run,4,Training,Women,Blue,Suede,10,38.37,19.43,10,13,4.1,1140,True,False,https://assets.solemate.com/products/nik-fre-04-1013.jpg,"The Nike Free Run 4 in Blue is a premium training shoe made with suede upper. Designed for women, it offers outstanding comfort and durability."
1014,VAN-OLD-08-1014,Vans Old Skool 8 Grey,Vans,Old Skool,8,Casual,Women,Grey,Suede,8,42.99,21.01,0,79,4.9,745,False,False,https://assets.solemate.com/products/van-old-08-1014.jpg,"The Vans Old Skool 8 in Grey is a premium casual shoe made with suede upper. Designed for women, it offers outstanding comfort and durability."
1015,ASI-MET-10-1015,ASICS Metaracer 10 Brown,ASICS,Metaracer,10,Hiking,Kids,Brown,Knit,9.5,179.92,104.72,25,59,3.2,414,False,False,https://assets.solemate.com/products/asi-met-10-1015.jpg,"The ASICS Metaracer 10 in Brown is a premium hiking shoe made with knit upper. Designed for kids, it offers outstanding comfort and durability."
1016,VAN-ULT-02-1016,Vans UltraRange 2 White,Vans,UltraRange,2,Hiking,Women,White,Suede,10.5,116.92,49.27,0,33,3.3,1379,True,False,https://assets.solemate.com/products/van-ult-02-1016.jpg,"The Vans UltraRange 2 in White is a premium hiking shoe made with suede upper. Designed for women, it offers outstanding comfort and durability."
1017,ASI-GEL-05-1017,ASICS Gel-Contend 5 Red,ASICS,Gel-Contend,5,Basketball,Women,Red,Knit,9.5,85.82,44.82,10,28,3.9,58,True,True,https://assets.solemate.com/products/asi-gel-05-1017.jpg,"The ASICS Gel-Contend 5 in Red is a premium basketball shoe made with knit upper. Designed for women, it offers outstanding comfort and durability."
1018,NEW-410-02-1018,New Balance 410 2 Brown,New Balance,410,2,Basketball,Kids,Brown,Knit,7.5,240.74,124.32,10,5,3.5,2130,True,True,https://assets.solemate.com/products/new-410-02-1018.jpg,"The New Balance 410 2 in Brown is a premium basketball shoe made with knit upper. Designed for kids, it offers outstanding comfort and durability."
1019,ASI-NOV-06-1019,ASICS Novablast 6 Black,ASICS,Novablast,6,Walking,Women,Black,Leather,9.5,235.2,146.38,5,80,4.6,783,False,False,https://assets.solemate.com/products/asi-nov-06-1019.jpg,"The ASICS Novablast 6 in Black is a premium walking shoe made with leather upper. Designed for women, it offers outstanding comfort and durability."
1020,PUM-CLY-03-1020,Puma Clyde 3 Brown,Puma,Clyde,3,Sandals,Women,Brown,Suede,6.5,217.6,118.98,5,114,4.7,1369,True,False,https://assets.solemate.com/products/pum-cly-03-1020.jpg,"The Puma Clyde 3 in Brown is a premium sandals shoe made with suede upper. Designed for women, it offers outstanding comfort and durability."
1021,ASI-GEL-06-1021,ASICS Gel-Venture 6 White,ASICS,Gel-Venture,6,Casual,Women,White,Suede,12,174.86,80.5,15,30,3.7,2380,True,False,https://assets.solemate.com/products/asi-gel-06-1021.jpg,"The ASICS Gel-Venture 6 in White is a premium casual shoe made with suede upper. Designed for women, it offers outstanding comfort and durability."
1022,UND-TRI-07-1022,Under Armour Tribase 7 Red,Under Armour,Tribase,7,Boots,Women,Red,Knit,9,56.27,28.21,0,5,3.1,1187,False,False,https://assets.solemate.com/products/und-tri-07-1022.jpg,"The Under Armour Tribase 7 in Red is a premium boots shoe made with knit upper. Designed for women, it offers outstanding comfort and durability."
1023,REE-VEN-07-1023,Reebok Ventilator 7 Black,Reebok,Ventilator,7,Hiking,Kids,Black,Suede,11,289.04,137.34,5,60,3.4,825,True,False,https://assets.solemate.com/products/ree-ven-07-1023.jpg,"The Reebok Ventilator 7 in Black is a premium hiking shoe made with suede upper. Designed for kids, it offers outstanding comfort and durability."
1024,UND-DRI-06-1024,Under Armour Drive 6 Red,Under Armour,Drive,6,Football,Kids,Red,Leather,7,295.82,126.11,0,39,3.6,1117,True,False,https://assets.solemate.com/products/und-dri-06-1024.jpg,"The Under Armour Drive 6 in Red is a premium football shoe made with leather upper. Designed for kids, it offers outstanding comfort and durability."
1025,ADI-ULT-03-1025,Adidas Ultraboost 3 Blue,Adidas,Ultraboost,3,Hiking,Unisex,Blue,Suede,9,150.31,88.59,25,20,4.3,216,True,False,https://assets.solemate.com/products/adi-ult-03-1025.jpg,"The Adidas Ultraboost 3 in Blue is a premium hiking shoe made with suede upper. Designed for unisex, it offers outstanding comfort and durability."
1026,SKE-D'L-02-1026,Skechers D'Lites 2 Red,Skechers,D'Lites,2,Walking,Men,Red,Mesh,9.5,226.85,98.39,15,99,3.9,687,False,True,https://assets.solemate.com/products/ske-d'l-02-1026.jpg,"The Skechers D'Lites 2 in Red is a premium walking shoe made with mesh upper. Designed for men, it offers outstanding comfort and durability."
1027,PUM-SMA-10-1027,Puma Smash 10 Black,Puma,Smash,10,Running,Unisex,Black,Rubber,11,51.03,32.45,25,15,3.5,2308,True,False,https://assets.solemate.com/products/pum-sma-10-1027.jpg,"The Puma Smash 10 in Black is a premium running shoe made with rubber upper. Designed for unisex, it offers outstanding comfort and durability."
1028,SKE-REL-07-1028,Skechers Relaxed Fit 7 Navy,Skechers,Relaxed Fit,7,Sandals,Men,Navy,Suede,6.5,161.99,95.46,20,114,3.5,555,True,False,https://assets.solemate.com/products/ske-rel-07-1028.jpg,"The Skechers Relaxed Fit 7 in Navy is a premium sandals shoe made with suede upper. Designed for men, it offers outstanding comfort and durability."
1029,CON-LUG-04-1029,Converse Lugged 4 Blue,Converse,Lugged,4,Hiking,Women,Blue,Canvas,10,99.08,51.12,0,12,4.3,2186,True,True,https://assets.solemate.com/products/con-lug-04-1029.jpg,"The Converse Lugged 4 in Blue is a premium hiking shoe made with canvas upper. Designed for women, it offers outstanding comfort and durability."
1030,NIK-WAF-03-1030,Nike Waffle 3 Navy,Nike,Waffle,3,Walking,Unisex,Navy,Suede,9.5,111.5,51.44,15,61,5.0,1507,True,True,https://assets.solemate.com/products/nik-waf-03-1030.jpg,"The Nike Waffle 3 in Navy is a premium walking shoe made with suede upper. Designed for unisex, it offers outstanding comfort and durability."
1031,NIK-COR-07-1031,Nike Cortez 7 Black,Nike,Cortez,7,Boots,Unisex,Black,Canvas,8,32.46,17.38,5,50,3.3,1192,True,True,https://assets.solemate.com/products/nik-cor-07-1031.jpg,"The Nike Cortez 7 in Black is a premium boots shoe made with canvas upper. Designed for unisex, it offers outstanding comfort and durability."
1032,UND-SPA-08-1032,Under Armour Spawn 8 Blue,Under Armour,Spawn,8,Walking,Men,Blue,Suede,6.5,131.83,63.29,25,16,4.4,181,True,True,https://assets.solemate.com/products/und-spa-08-1032.jpg,"The Under Armour Spawn 8 in Blue is a premium walking shoe made with suede upper. Designed for men, it offers outstanding comfort and durability."
1033,NIK-FRE-01-1033,Nike Free Run 1 Brown,Nike,Free Run,1,Hiking,Women,Brown,Suede,11,269.65,145.6,10,98,4.5,1391,True,False,https://assets.solemate.com/products/nik-fre-01-1033.jpg,"The Nike Free Run 1 in Brown is a premium hiking shoe made with suede upper. Designed for women, it offers outstanding comfort and durability."
1034,CON-CHU-01-1034,Converse Chuck 70 1 Pink,Converse,Chuck 70,1,Football,Women,Pink,Rubber,12,159.7,90.4,10,103,4.0,2238,True,False,https://assets.solemate.com/products/con-chu-01-1034.jpg,"The Converse Chuck 70 1 in Pink is a premium football shoe made with rubber upper. Designed for women, it offers outstanding comfort and durability."
1035,REE-NAN-02-1035,Reebok Nano 2 Pink,Reebok,Nano,2,Boots,Unisex,Pink,Rubber,8,196.67,112.31,20,128,3.0,1799,True,False,https://assets.solemate.com/products/ree-nan-02-1035.jpg,"The Reebok Nano 2 in Pink is a premium boots shoe made with rubber upper. Designed for unisex, it offers outstanding comfort and durability."
1036,SKE-D'L-01-1036,Skechers D'Lites 1 Grey,Skechers,D'Lites,1,Casual,Women,Grey,Canvas,6.5,215.32,111.14,25,84,4.4,801,False,True,https://assets.solemate.com/products/ske-d'l-01-1036.jpg,"The Skechers D'Lites 1 in Grey is a premium casual shoe made with canvas upper. Designed for women, it offers outstanding comfort and durability."
1037,UND-TRI-08-1037,Under Armour Tribase 8 Blue,Under Armour,Tribase,8,Walking,Kids,Blue,Rubber,8.5,126.94,56.06,5,99,4.1,1035,False,False,https://assets.solemate.com/products/und-tri-08-1037.jpg,"The Under Armour Tribase 8 in Blue is a premium walking shoe made with rubber upper. Designed for kids, it offers outstanding comfort and durability."
1038,ASI-MET-10-1038,ASICS Metaracer 10 Grey,ASICS,Metaracer,10,Football,Kids,Grey,Suede,7,258.54,114.84,0,11,4.3,628,True,False,https://assets.solemate.com/products/asi-met-10-1038.jpg,"The ASICS Metaracer 10 in Grey is a premium football shoe made with suede upper. Designed for kids, it offers outstanding comfort and durability."
1039,UND-TRI-06-1039,Under Armour Tribase 6 Beige,Under Armour,Tribase,6,Sandals,Kids,Beige,Rubber,6.5,252.37,104.87,15,103,3.8,1242,True,True,https://assets.solemate.com/products/und-tri-06-1039.jpg,"The Under Armour Tribase 6 in Beige is a premium sandals shoe made with rubber upper. Designed for kids, it offers outstanding comfort and durability."
1040,UND-STR-05-1040,Under Armour Street Encounter 5 Green,Under Armour,Street Encounter,5,Training,Kids,Green,Synthetic,6.5,82.05,42.26,10,33,4.5,2074,True,True,https://assets.solemate.com/products/und-str-05-1040.jpg,"The Under Armour Street Encounter 5 in Green is a premium training shoe made with synthetic upper. Designed for kids, it offers outstanding comfort and durability."
1041,CON-ONE-04-1041,Converse One Star 4 White,Converse,One Star,4,Sandals,Men,White,Canvas,12,102.9,43.01,5,15,4.2,875,False,False,https://assets.solemate.com/products/con-one-04-1041.jpg,"The Converse One Star 4 in White is a premium sandals shoe made with canvas upper. Designed for men, it offers outstanding comfort and durability."
1042,ADI-OZW-05-1042,Adidas Ozweego 5 White,Adidas,Ozweego,5,Training,Men,White,Suede,10.5,233.48,95.07,10,78,3.1,2479,True,False,https://assets.solemate.com/products/adi-ozw-05-1042.jpg,"The Adidas Ozweego 5 in White is a premium training shoe made with suede upper. Designed for men, it offers outstanding comfort and durability."
1043,PUM-CAL-03-1043,Puma Cali 3 Beige,Puma,Cali,3,Walking,Kids,Beige,Synthetic,7.5,39.1,22.28,0,110,3.0,1049,True,False,https://assets.solemate.com/products/pum-cal-03-1043.jpg,"The Puma Cali 3 in Beige is a premium walking shoe made with synthetic upper. Designed for kids, it offers outstanding comfort and durability."
1044,NIK-WAF-03-1044,Nike Waffle 3 Brown,Nike,Waffle,3,Casual,Kids,Brown,Knit,10.5,280.44,123.7,20,9,4.8,1132,True,False,https://assets.solemate.com/products/nik-waf-03-1044.jpg,"The Nike Waffle 3 in Brown is a premium casual shoe made with knit upper. Designed for kids, it offers outstanding comfort and durability."
1045,NIK-REA-11-1045,Nike React 11 Pink,Nike,React,11,Sandals,Men,Pink,Leather,6,34.22,15.0,15,132,4.6,1013,True,True,https://assets.solemate.com/products/nik-rea-11-1045.jpg,"The Nike React 11 in Pink is a premium sandals shoe made with leather upper. Designed for men, it offers outstanding comfort and durability."
1046,UND-MIC-04-1046,Under Armour Micro G 4 Green,Under Armour,Micro G,4,Sandals,Unisex,Green,Canvas,8.5,75.74,38.31,0,86,4.2,1872,False,True,https://assets.solemate.com/products/und-mic-04-1046.jpg,"The Under Armour Micro G 4 in Green is a premium sandals shoe made with canvas upper. Designed for unisex, it offers outstanding comfort and durability."
1047,UND-TRI-10-1047,Under Armour Tribase 10 Blue,Under Armour,Tribase,10,Football,Unisex,Blue,Rubber,10.5,91.57,52.63,10,143,4.4,1798,True,False,https://assets.solemate.com/products/und-tri-10-1047.jpg,"The Under Armour Tribase 10 in Blue is a premium football shoe made with rubber upper. Designed for unisex, it offers outstanding comfort and durability."
1048,CON-ONE-07-1048,Converse One Star 7 White,Converse,One Star,7,Football,Women,White,Knit,6.5,134.09,74.33,15,1,4.0,1257,True,True,https://assets.solemate.com/products/con-one-07-1048.jpg,"The Converse One Star 7 in White is a premium football shoe made with knit upper. Designed for women, it offers outstanding comfort and durability."
1049,ASI-JOL-01-1049,ASICS Jolt 1 Pink,ASICS,Jolt,1,Basketball,Men,Pink,Suede,7,131.65,77.71,5,145,3.7,15,True,True,https://assets.solemate.com/products/asi-jol-01-1049.jpg,"The ASICS Jolt 1 in Pink is a premium basketball shoe made with suede upper. Designed for men, it offers outstanding comfort and durability."
1050,UND-VAL-03-1050,Under Armour Valsetz 3 Blue,Under Armour,Valsetz,3,Boots,Women,Blue,Leather,6.5,139.25,74.31,25,10,4.6,675,False,True,https://assets.solemate.com/products/und-val-03-1050.jpg,"The Under Armour Valsetz 3 in Blue is a premium boots shoe made with leather upper. Designed for women, it offers outstanding comfort and durability."
1051,REE-ZIG-03-1051,Reebok Zig 3 White,Reebok,Zig,3,Running,Men,White,Leather,7.5,247.63,156.33,10,85,4.9,1076,True,True,https://assets.solemate.com/products/ree-zig-03-1051.jpg,"The Reebok Zig 3 in White is a premium running shoe made with leather upper. Designed for men, it offers outstanding comfort and durability."
1052,ASI-MET-01-1052,ASICS Metaracer 1 Navy,ASICS,Metaracer,1,Football,Women,Navy,Canvas,8,42.3,20.67,25,83,4.4,1198,True,False,https://assets.solemate.com/products/asi-met-01-1052.jpg,"The ASICS Metaracer 1 in Navy is a premium football shoe made with canvas upper. Designed for women, it offers outstanding comfort and durability."
1053,REE-INS-02-1053,Reebok InstaPump 2 Pink,Reebok,InstaPump,2,Sandals,Women,Pink,Leather,6,99.2,43.03,5,76,3.8,2080,True,False,https://assets.solemate.com/products/ree-ins-02-1053.jpg,"The Reebok InstaPump 2 in Pink is a premium sandals shoe made with leather upper. Designed for women, it offers outstanding comfort and durability."
1054,ASI-MET-08-1054,ASICS Metaracer 8 White,ASICS,Metaracer,8,Walking,Women,White,Rubber,6,97.84,59.65,15,127,3.5,1595,True,False,https://assets.solemate.com/products/asi-met-08-1054.jpg,"The ASICS Metaracer 8 in White is a premium walking shoe made with rubber upper. Designed for women, it offers outstanding comfort and durability."
1055,ASI-GEL-04-1055,ASICS Gel-Lyte 4 White,ASICS,Gel-Lyte,4,Football,Kids,White,Synthetic,9,107.23,47.78,15,102,3.7,970,False,False,https://assets.solemate.com/products/asi-gel-04-1055.jpg,"The ASICS Gel-Lyte 4 in White is a premium football shoe made with synthetic upper. Designed for kids, it offers outstanding comfort and durability."
1056,ADI-NMD-02-1056,Adidas NMD 2 Blue,Adidas,NMD,2,Boots,Women,Blue,Leather,11,131.29,69.48,5,85,4.4,1035,True,False,https://assets.solemate.com/products/adi-nmd-02-1056.jpg,"The Adidas NMD 2 in Blue is a premium boots shoe made with leather upper. Designed for women, it offers outstanding comfort and durability."
1057,VAN-AUT-09-1057,Vans Authentic 9 Black,Vans,Authentic,9,Casual,Kids,Black,Knit,7.5,175.1,93.91,25,110,4.3,2285,False,True,https://assets.solemate.com/products/van-aut-09-1057.jpg,"The Vans Authentic 9 in Black is a premium casual shoe made with knit upper. Designed for kids, it offers outstanding comfort and durability."
1058,CON-LUG-02-1058,Converse Lugged 2 Green,Converse,Lugged,2,Casual,Unisex,Green,Rubber,11,247.81,156.38,0,105,3.7,2406,False,True,https://assets.solemate.com/products/con-lug-02-1058.jpg,"The Converse Lugged 2 in Green is a premium casual shoe made with rubber upper. Designed for unisex, it offers outstanding comfort and durability."
1059,ADI-SAM-09-1059,Adidas Samba 9 Green,Adidas,Samba,9,Casual,Men,Green,Mesh,7,161.3,67.05,10,51,4.0,1135,True,True,https://assets.solemate.com/products/adi-sam-09-1059.jpg,"The Adidas Samba 9 in Green is a premium casual shoe made with mesh upper. Designed for men, it offers outstanding comfort and durability."
1060,PUM-CAL-10-1060,Puma Cali 10 Green,Puma,Cali,10,Football,Men,Green,Rubber,11,145.08,68.58,10,147,3.7,786,False,False,https://assets.solemate.com/products/pum-cal-10-1060.jpg,"The Puma Cali 10 in Green is a premium football shoe made with rubber upper. Designed for men, it offers outstanding comfort and durability."
1061,VAN-OLD-03-1061,Vans Old Skool 3 Pink,Vans,Old Skool,3,Boots,Unisex,Pink,Leather,10,90.95,49.95,20,122,3.3,1680,True,False,https://assets.solemate.com/products/van-old-03-1061.jpg,"The Vans Old Skool 3 in Pink is a premium boots shoe made with leather upper. Designed for unisex, it offers outstanding comfort and durability."
1062,NIK-FRE-02-1062,Nike Free Run 2 Red,Nike,Free Run,2,Walking,Men,Red,Canvas,9.5,186.7,94.0,5,56,4.9,1269,True,False,https://assets.solemate.com/products/nik-fre-02-1062.jpg,"The Nike Free Run 2 in Red is a premium walking shoe made with canvas upper. Designed for men, it offers outstanding comfort and durability."
1063,ASI-GEL-09-1063,ASICS Gel-Venture 9 White,ASICS,Gel-Venture,9,Sandals,Kids,White,Synthetic,9.5,137.62,59.84,25,59,3.0,1773,True,True,https://assets.solemate.com/products/asi-gel-09-1063.jpg,"The ASICS Gel-Venture 9 in White is a premium sandals shoe made with synthetic upper. Designed for kids, it offers outstanding comfort and durability."
1064,CON-PRO-08-1064,Converse Pro Leather 8 White,Converse,Pro Leather,8,Casual,Kids,White,Synthetic,6,251.9,111.77,10,115,3.1,599,True,False,https://assets.solemate.com/products/con-pro-08-1064.jpg,"The Converse Pro Leather 8 in White is a premium casual shoe made with synthetic upper. Designed for kids, it offers outstanding comfort and durability."
1065,CON-CHU-01-1065,Converse Chuck Taylor 1 Red,Converse,Chuck Taylor,1,Basketball,Unisex,Red,Knit,6,83.53,46.29,0,112,3.4,2422,True,True,https://assets.solemate.com/products/con-chu-01-1065.jpg,"The Converse Chuck Taylor 1 in Red is a premium basketball shoe made with knit upper. Designed for unisex, it offers outstanding comfort and durability."
1066,CON-LUG-06-1066,Converse Lugged 6 Pink,Converse,Lugged,6,Training,Unisex,Pink,Canvas,8.5,41.12,23.42,5,83,4.4,1860,True,True,https://assets.solemate.com/products/con-lug-06-1066.jpg,"The Converse Lugged 6 in Pink is a premium training shoe made with canvas upper. Designed for unisex, it offers outstanding comfort and durability."
1067,UND-HOV-09-1067,Under Armour HOVR 9 Navy,Under Armour,HOVR,9,Basketball,Kids,Navy,Canvas,6,87.33,49.75,0,23,3.5,1023,True,False,https://assets.solemate.com/products/und-hov-09-1067.jpg,"The Under Armour HOVR 9 in Navy is a premium basketball shoe made with canvas upper. Designed for kids, it offers outstanding comfort and durability."
1068,ADI-FOR-01-1068,Adidas Forum 1 Green,Adidas,Forum,1,Sandals,Women,Green,Canvas,8,35.37,16.0,25,140,3.1,443,False,False,https://assets.solemate.com/products/adi-for-01-1068.jpg,"The Adidas Forum 1 in Green is a premium sandals shoe made with canvas upper. Designed for women, it offers outstanding comfort and durability."
1069,REE-WOR-06-1069,Reebok Workout 6 Green,Reebok,Workout,6,Boots,Kids,Green,Rubber,11,259.76,105.27,10,59,3.0,2376,True,False,https://assets.solemate.com/products/ree-wor-06-1069.jpg,"The Reebok Workout 6 in Green is a premium boots shoe made with rubber upper. Designed for kids, it offers outstanding comfort and durability."
1070,ASI-GEL-09-1070,ASICS Gel-Kayano 9 Black,ASICS,Gel-Kayano,9,Basketball,Men,Black,Synthetic,7,36.41,21.94,20,22,3.5,2327,True,False,https://assets.solemate.com/products/asi-gel-09-1070.jpg,"The ASICS Gel-Kayano 9 in Black is a premium basketball shoe made with synthetic upper. Designed for men, it offers outstanding comfort and durability."
1071,ASI-GEL-02-1071,ASICS Gel-Cumulus 2 Brown,ASICS,Gel-Cumulus,2,Sandals,Unisex,Brown,Knit,7.5,261.44,131.35,0,27,4.7,1356,False,False,https://assets.solemate.com/products/asi-gel-02-1071.jpg,"The ASICS Gel-Cumulus 2 in Brown is a premium sandals shoe made with knit upper. Designed for unisex, it offers outstanding comfort and durability."
1072,ADI-SUP-04-1072,Adidas Superstar 4 Navy,Adidas,Superstar,4,Running,Men,Navy,Synthetic,9,32.22,20.32,20,127,4.5,1946,False,True,https://assets.solemate.com/products/adi-sup-04-1072.jpg,"The Adidas Superstar 4 in Navy is a premium running shoe made with synthetic upper. Designed for men, it offers outstanding comfort and durability."
1073,CON-CHU-02-1073,Converse Chuck Taylor 2 White,Converse,Chuck Taylor,2,Boots,Kids,White,Knit,8,280.22,135.74,0,112,3.2,1605,True,True,https://assets.solemate.com/products/con-chu-02-1073.jpg,"The Converse Chuck Taylor 2 in White is a premium boots shoe made with knit upper. Designed for kids, it offers outstanding comfort and durability."
1074,CON-ALL-12-1074,Converse All Star 12 Navy,Converse,All Star,12,Walking,Men,Navy,Synthetic,6.5,165.87,87.36,0,55,3.0,1687,True,False,https://assets.solemate.com/products/con-all-12-1074.jpg,"The Converse All Star 12 in Navy is a premium walking shoe made with synthetic upper. Designed for men, it offers outstanding comfort and durability."
1075,CON-STA-08-1075,Converse Star Player 8 Red,Converse,Star Player,8,Football,Kids,Red,Canvas,9,270.62,150.35,0,100,4.2,570,True,False,https://assets.solemate.com/products/con-sta-08-1075.jpg,"The Converse Star Player 8 in Red is a premium football shoe made with canvas upper. Designed for kids, it offers outstanding comfort and durability."
1076,ASI-NOV-07-1076,ASICS Novablast 7 Black,ASICS,Novablast,7,Walking,Women,Black,Mesh,8,227.55,126.15,0,5,4.9,835,True,False,https://assets.solemate.com/products/asi-nov-07-1076.jpg,"The ASICS Novablast 7 in Black is a premium walking shoe made with mesh upper. Designed for women, it offers outstanding comfort and durability."
1077,UND-SPA-10-1077,Under Armour Spawn 10 Blue,Under Armour,Spawn,10,Basketball,Kids,Blue,Mesh,11,42.96,18.29,20,80,3.4,796,True,False,https://assets.solemate.com/products/und-spa-10-1077.jpg,"The Under Armour Spawn 10 in Blue is a premium basketball shoe made with mesh upper. Designed for kids, it offers outstanding comfort and durability."
1078,SKE-ARC-06-1078,Skechers Arch Fit 6 Red,Skechers,Arch Fit,6,Basketball,Kids,Red,Knit,6.5,51.38,24.35,0,44,4.0,370,True,False,https://assets.solemate.com/products/ske-arc-06-1078.jpg,"The Skechers Arch Fit 6 in Red is a premium basketball shoe made with knit upper. Designed for kids, it offers outstanding comfort and durability."
1079,CON-ALL-12-1079,Converse All Star 12 Black,Converse,All Star,12,Formal,Men,Black,Mesh,12,74.26,41.31,15,94,3.2,1482,False,False,https://assets.solemate.com/products/con-all-12-1079.jpg,"The Converse All Star 12 in Black is a premium formal shoe made with mesh upper. Designed for men, it offers outstanding comfort and durability."
1080,ASI-GEL-12-1080,ASICS Gel-Venture 12 Blue,ASICS,Gel-Venture,12,Football,Unisex,Blue,Leather,11,241.1,147.26,0,69,4.8,791,True,False,https://assets.solemate.com/products/asi-gel-12-1080.jpg,"The ASICS Gel-Venture 12 in Blue is a premium football shoe made with leather upper. Designed for unisex, it offers outstanding comfort and durability."
1081,VAN-OLD-05-1081,Vans Old Skool 5 Brown,Vans,Old Skool,5,Hiking,Kids,Brown,Suede,10,148.82,90.0,25,74,3.0,381,False,False,https://assets.solemate.com/products/van-old-05-1081.jpg,"The Vans Old Skool 5 in Brown is a premium hiking shoe made with suede upper. Designed for kids, it offers outstanding comfort and durability."
1082,VAN-ERA-08-1082,Vans Era 8 Black,Vans,Era,8,Formal,Women,Black,Canvas,7,293.06,145.98,0,132,4.4,159,False,False,https://assets.solemate.com/products/van-era-08-1082.jpg,"The Vans Era 8 in Black is a premium formal shoe made with canvas upper. Designed for women, it offers outstanding comfort and durability."
1083,UND-DRI-09-1083,Under Armour Drive 9 Beige,Under Armour,Drive,9,Basketball,Kids,Beige,Synthetic,11,178.8,114.28,0,148,4.0,430,False,False,https://assets.solemate.com/products/und-dri-09-1083.jpg,"The Under Armour Drive 9 in Beige is a premium basketball shoe made with synthetic upper. Designed for kids, it offers outstanding comfort and durability."
1084,VAN-ERA-05-1084,Vans Era 5 Brown,Vans,Era,5,Formal,Women,Brown,Mesh,7.5,55.3,26.39,5,116,3.8,166,True,True,https://assets.solemate.com/products/van-era-05-1084.jpg,"The Vans Era 5 in Brown is a premium formal shoe made with mesh upper. Designed for women, it offers outstanding comfort and durability."
1085,VAN-AUT-05-1085,Vans Authentic 5 Beige,Vans,Authentic,5,Training,Unisex,Beige,Suede,9.5,288.28,145.2,10,98,4.7,1009,True,False,https://assets.solemate.com/products/van-aut-05-1085.jpg,"The Vans Authentic 5 in Beige is a premium training shoe made with suede upper. Designed for unisex, it offers outstanding comfort and durability."
1086,CON-CHU-09-1086,Converse Chuck 70 9 Pink,Converse,Chuck 70,9,Casual,Kids,Pink,Knit,9,216.44,132.33,0,141,3.1,940,False,False,https://assets.solemate.com/products/con-chu-09-1086.jpg,"The Converse Chuck 70 9 in Pink is a premium casual shoe made with knit upper. Designed for kids, it offers outstanding comfort and durability."
1087,UND-SPA-03-1087,Under Armour Spawn 3 Brown,Under Armour,Spawn,3,Hiking,Men,Brown,Knit,7.5,183.76,88.87,10,20,3.4,1369,True,False,https://assets.solemate.com/products/und-spa-03-1087.jpg,"The Under Armour Spawn 3 in Brown is a premium hiking shoe made with knit upper. Designed for men, it offers outstanding comfort and durability."
1088,SKE-D'L-09-1088,Skechers D'Lites 9 Red,Skechers,D'Lites,9,Football,Men,Red,Leather,11,288.97,162.17,5,17,3.4,2084,False,False,https://assets.solemate.com/products/ske-d'l-09-1088.jpg,"The Skechers D'Lites 9 in Red is a premium football shoe made with leather upper. Designed for men, it offers outstanding comfort and durability."
1089,NEW-108-03-1089,New Balance 1080 3 Navy,New Balance,1080,3,Sandals,Unisex,Navy,Canvas,6.5,222.04,122.85,10,143,4.8,2440,True,True,https://assets.solemate.com/products/new-108-03-1089.jpg,"The New Balance 1080 3 in Navy is a premium sandals shoe made with canvas upper. Designed for unisex, it offers outstanding comfort and durability."
1090,VAN-ERA-03-1090,Vans Era 3 Black,Vans,Era,3,Boots,Unisex,Black,Leather,7,88.51,36.09,10,105,3.7,2447,True,True,https://assets.solemate.com/products/van-era-03-1090.jpg,"The Vans Era 3 in Black is a premium boots shoe made with leather upper. Designed for unisex, it offers outstanding comfort and durability."
1091,PUM-CAL-09-1091,Puma Cali 9 Pink,Puma,Cali,9,Training,Kids,Pink,Synthetic,9,203.72,110.9,0,100,4.9,1746,False,False,https://assets.solemate.com/products/pum-cal-09-1091.jpg,"The Puma Cali 9 in Pink is a premium training shoe made with synthetic upper. Designed for kids, it offers outstanding comfort and durability."
1092,SKE-SUM-06-1092,Skechers Summits 6 Red,Skechers,Summits,6,Boots,Kids,Red,Synthetic,7,146.55,91.98,20,97,4.8,484,True,False,https://assets.solemate.com/products/ske-sum-06-1092.jpg,"The Skechers Summits 6 in Red is a premium boots shoe made with synthetic upper. Designed for kids, it offers outstanding comfort and durability."
1093,VAN-SK8-04-1093,Vans Sk8-Hi 4 Grey,Vans,Sk8-Hi,4,Sandals,Kids,Grey,Canvas,7,157.09,88.48,25,76,3.6,1318,True,True,https://assets.solemate.com/products/van-sk8-04-1093.jpg,"The Vans Sk8-Hi 4 in Grey is a premium sandals shoe made with canvas upper. Designed for kids, it offers outstanding comfort and durability."
1094,NIK-PEG-10-1094,Nike Pegasus 10 Pink,Nike,Pegasus,10,Training,Unisex,Pink,Mesh,10.5,43.89,24.94,20,90,3.7,1531,True,False,https://assets.solemate.com/products/nik-peg-10-1094.jpg,"The Nike Pegasus 10 in Pink is a premium training shoe made with mesh upper. Designed for unisex, it offers outstanding comfort and durability."
1095,VAN-HAL-11-1095,Vans Half Cab 11 White,Vans,Half Cab,11,Formal,Unisex,White,Knit,7,299.78,153.0,20,41,4.5,499,True,False,https://assets.solemate.com/products/van-hal-11-1095.jpg,"The Vans Half Cab 11 in White is a premium formal shoe made with knit upper. Designed for unisex, it offers outstanding comfort and durability."
1096,ASI-GEL-05-1096,ASICS Gel-Lyte 5 Beige,ASICS,Gel-Lyte,5,Walking,Unisex,Beige,Mesh,10,143.01,72.14,20,90,3.1,1656,False,True,https://assets.solemate.com/products/asi-gel-05-1096.jpg,"The ASICS Gel-Lyte 5 in Beige is a premium walking shoe made with mesh upper. Designed for unisex, it offers outstanding comfort and durability."
1097,PUM-CAL-06-1097,Puma Cali 6 Red,Puma,Cali,6,Football,Kids,Red,Suede,10.5,292.06,132.61,5,90,3.1,2274,True,False,https://assets.solemate.com/products/pum-cal-06-1097.jpg,"The Puma Cali 6 in Red is a premium football shoe made with suede upper. Designed for kids, it offers outstanding comfort and durability."
1098,PUM-PAC-09-1098,Puma Pacer 9 White,Puma,Pacer,9,Formal,Women,White,Rubber,7.5,260.08,155.0,15,7,4.9,1309,False,False,https://assets.solemate.com/products/pum-pac-09-1098.jpg,"The Puma Pacer 9 in White is a premium formal shoe made with rubber upper. Designed for women, it offers outstanding comfort and durability."
1099,NIK-REA-04-1099,Nike React 4 Grey,Nike,React,4,Sandals,Women,Grey,Canvas,7,55.17,34.18,0,18,3.6,121,True,False,https://assets.solemate.com/products/nik-rea-04-1099.jpg,"The Nike React 4 in Grey is a premium sandals shoe made with canvas upper. Designed for women, it offers outstanding comfort and durability."
1100,NEW-108-03-1100,New Balance 1080 3 Beige,New Balance,1080,3,Football,Men,Beige,Suede,10,175.56,88.81,15,109,4.0,1718,True,False,https://assets.solemate.com/products/new-108-03-1100.jpg,"The New Balance 1080 3 in Beige is a premium football shoe made with suede upper. Designed for men, it offers outstanding comfort and durability."
1101,VAN-WAR-11-1101,Vans Ward 11 Green,Vans,Ward,11,Football,Women,Green,Canvas,7,270.78,173.17,5,76,3.1,1523,True,False,https://assets.solemate.com/products/van-war-11-1101.jpg,"The Vans Ward 11 in Green is a premium football shoe made with canvas upper. Designed for women, it offers outstanding comfort and durability."
1102,NIK-AIR-01-1102,Nike Air Max 1 Navy,Nike,Air Max,1,Casual,Unisex,Navy,Mesh,8.5,134.63,55.86,25,116,3.0,2293,False,False,https://assets.solemate.com/products/nik-air-01-1102.jpg,"The Nike Air Max 1 in Navy is a premium casual shoe made with mesh upper. Designed for unisex, it offers outstanding comfort and durability."
1103,REE-FRE-08-1103,Reebok Freestyle 8 Pink,Reebok,Freestyle,8,Sandals,Unisex,Pink,Knit,10,72.28,41.58,25,68,3.3,481,True,True,https://assets.solemate.com/products/ree-fre-08-1103.jpg,"The Reebok Freestyle 8 in Pink is a premium sandals shoe made with knit upper. Designed for unisex, it offers outstanding comfort and durability."
1104,ASI-MET-04-1104,ASICS Metaracer 4 Green,ASICS,Metaracer,4,Walking,Men,Green,Rubber,6,76.84,39.37,0,81,3.4,1168,True,False,https://assets.solemate.com/products/asi-met-04-1104.jpg,"The ASICS Metaracer 4 in Green is a premium walking shoe made with rubber upper. Designed for men, it offers outstanding comfort and durability."
1105,NIK-PEG-05-1105,Nike Pegasus 5 Red,Nike,Pegasus,5,Boots,Kids,Red,Rubber,9,262.01,146.83,20,15,4.8,1252,True,False,https://assets.solemate.com/products/nik-peg-05-1105.jpg,"The Nike Pegasus 5 in Red is a premium boots shoe made with rubber upper. Designed for kids, it offers outstanding comfort and durability."
1106,PUM-SMA-07-1106,Puma Smash 7 Beige,Puma,Smash,7,Walking,Kids,Beige,Synthetic,6,249.9,147.25,20,92,3.5,1403,False,True,https://assets.solemate.com/products/pum-sma-07-1106.jpg,"The Puma Smash 7 in Beige is a premium walking shoe made with synthetic upper. Designed for kids, it offers outstanding comfort and durability."
1107,NEW-ARI-11-1107,New Balance Arishi 11 Black,New Balance,Arishi,11,Basketball,Unisex,Black,Synthetic,7,148.15,89.32,0,119,3.4,1102,True,True,https://assets.solemate.com/products/new-ari-11-1107.jpg,"The New Balance Arishi 11 in Black is a premium basketball shoe made with synthetic upper. Designed for unisex, it offers outstanding comfort and durability."
1108,CON-CHU-04-1108,Converse Chuck 70 4 Grey,Converse,Chuck 70,4,Formal,Unisex,Grey,Suede,6,109.05,46.3,0,113,3.1,118,True,False,https://assets.solemate.com/products/con-chu-04-1108.jpg,"The Converse Chuck 70 4 in Grey is a premium formal shoe made with suede upper. Designed for unisex, it offers outstanding comfort and durability."
1109,ADI-ULT-09-1109,Adidas Ultraboost 9 Green,Adidas,Ultraboost,9,Walking,Unisex,Green,Suede,10.5,103.69,62.67,0,95,4.6,1625,True,False,https://assets.solemate.com/products/adi-ult-09-1109.jpg,"The Adidas Ultraboost 9 in Green is a premium walking shoe made with suede upper. Designed for unisex, it offers outstanding comfort and durability."
1110,CON-RUN-05-1110,Converse Run Star 5 Blue,Converse,Run Star,5,Sandals,Unisex,Blue,Rubber,9.5,270.64,112.03,25,40,4.3,1645,False,False,https://assets.solemate.com/products/con-run-05-1110.jpg,"The Converse Run Star 5 in Blue is a premium sandals shoe made with rubber upper. Designed for unisex, it offers outstanding comfort and durability."
1111,VAN-HAL-01-1111,Vans Half Cab 1 Green,Vans,Half Cab,1,Boots,Unisex,Green,Synthetic,8,146.49,86.1,25,25,3.2,2102,True,False,https://assets.solemate.com/products/van-hal-01-1111.jpg,"The Vans Half Cab 1 in Green is a premium boots shoe made with synthetic upper. Designed for unisex, it offers outstanding comfort and durability."
1112,REE-AZT-11-1112,Reebok Aztrek 11 White,Reebok,Aztrek,11,Basketball,Unisex,White,Suede,6.5,112.91,67.57,5,96,4.3,1132,True,False,https://assets.solemate.com/products/ree-azt-11-1112.jpg,"The Reebok Aztrek 11 in White is a premium basketball shoe made with suede upper. Designed for unisex, it offers outstanding comfort and durability."
1113,NIK-BLA-07-1113,Nike Blazer 7 Black,Nike,Blazer,7,Casual,Kids,Black,Rubber,7.5,60.56,35.11,20,13,4.3,1727,False,False,https://assets.solemate.com/products/nik-bla-07-1113.jpg,"The Nike Blazer 7 in Black is a premium casual shoe made with rubber upper. Designed for kids, it offers outstanding comfort and durability."
1114,ASI-GEL-02-1114,ASICS Gel-Kayano 2 Black,ASICS,Gel-Kayano,2,Basketball,Women,Black,Canvas,10,93.71,58.75,20,103,4.2,295,True,False,https://assets.solemate.com/products/asi-gel-02-1114.jpg,"The ASICS Gel-Kayano 2 in Black is a premium basketball shoe made with canvas upper. Designed for women, it offers outstanding comfort and durability."
1115,UND-STR-08-1115,Under Armour Street Encounter 8 Beige,Under Armour,Street Encounter,8,Hiking,Unisex,Beige,Suede,6,189.76,115.62,10,22,4.0,981,True,True,https://assets.solemate.com/products/und-str-08-1115.jpg,"The Under Armour Street Encounter 8 in Beige is a premium hiking shoe made with suede upper. Designed for unisex, it offers outstanding comfort and durability."
1116,UND-REI-10-1116,Under Armour Reign 10 White,Under Armour,Reign,10,Walking,Kids,White,Mesh,7.5,254.08,104.67,25,21,4.4,283,True,False,https://assets.solemate.com/products/und-rei-10-1116.jpg,"The Under Armour Reign 10 in White is a premium walking shoe made with mesh upper. Designed for kids, it offers outstanding comfort and durability."
1117,VAN-AUT-11-1117,Vans Authentic 11 Black,Vans,Authentic,11,Boots,Kids,Black,Leather,7.5,157.49,71.7,0,4,4.8,1508,True,True,https://assets.solemate.com/products/van-aut-11-1117.jpg,"The Vans Authentic 11 in Black is a premium boots shoe made with leather upper. Designed for kids, it offers outstanding comfort and durability."
1118,NEW-990-11-1118,New Balance 990 11 Green,New Balance,990,11,Boots,Kids,Green,Synthetic,9.5,171.7,90.91,0,28,4.2,1053,True,True,https://assets.solemate.com/products/new-990-11-1118.jpg,"The New Balance 990 11 in Green is a premium boots shoe made with synthetic upper. Designed for kids, it offers outstanding comfort and durability."
1119,SKE-GOW-11-1119,Skechers GoWalk 11 Navy,Skechers,GoWalk,11,Running,Men,Navy,Synthetic,8.5,152.06,81.88,0,102,4.8,241,True,False,https://assets.solemate.com/products/ske-gow-11-1119.jpg,"The Skechers GoWalk 11 in Navy is a premium running shoe made with synthetic upper. Designed for men, it offers outstanding comfort and durability."
1120,UND-HOV-04-1120,Under Armour HOVR 4 Brown,Under Armour,HOVR,4,Casual,Women,Brown,Synthetic,10,109.79,50.65,10,108,3.3,1982,True,False,https://assets.solemate.com/products/und-hov-04-1120.jpg,"The Under Armour HOVR 4 in Brown is a premium casual shoe made with synthetic upper. Designed for women, it offers outstanding comfort and durability."
1121,NIK-FOR-11-1121,Nike Force 11 Green,Nike,Force,11,Basketball,Kids,Green,Synthetic,7,62.76,39.84,0,62,3.2,2256,True,False,https://assets.solemate.com/products/nik-for-11-1121.jpg,"The Nike Force 11 in Green is a premium basketball shoe made with synthetic upper. Designed for kids, it offers outstanding comfort and durability."
1122,VAN-WAR-01-1122,Vans Ward 1 White,Vans,Ward,1,Hiking,Women,White,Suede,7,251.5,107.86,15,117,4.8,601,True,True,https://assets.solemate.com/products/van-war-01-1122.jpg,"The Vans Ward 1 in White is a premium hiking shoe made with suede upper. Designed for women, it offers outstanding comfort and durability."
1123,UND-CHA-03-1123,Under Armour Charged Assert 3 Red,Under Armour,Charged Assert,3,Training,Women,Red,Synthetic,9,80.48,38.54,0,142,3.2,2296,False,True,https://assets.solemate.com/products/und-cha-03-1123.jpg,"The Under Armour Charged Assert 3 in Red is a premium training shoe made with synthetic upper. Designed for women, it offers outstanding comfort and durability."
1124,VAN-CHU-09-1124,Vans Chukka 9 Grey,Vans,Chukka,9,Walking,Women,Grey,Synthetic,7,39.92,21.88,0,96,3.6,1327,True,True,https://assets.solemate.com/products/van-chu-09-1124.jpg,"The Vans Chukka 9 in Grey is a premium walking shoe made with synthetic upper. Designed for women, it offers outstanding comfort and durability."
1125,ASI-GEL-12-1125,ASICS Gel-Cumulus 12 Brown,ASICS,Gel-Cumulus,12,Hiking,Kids,Brown,Synthetic,8,279.68,179.32,0,35,4.1,935,False,False,https://assets.solemate.com/products/asi-gel-12-1125.jpg,"The ASICS Gel-Cumulus 12 in Brown is a premium hiking shoe made with synthetic upper. Designed for kids, it offers outstanding comfort and durability."
1126,PUM-SUE-12-1126,Puma Suede 12 Black,Puma,Suede,12,Casual,Unisex,Black,Leather,10.5,263.13,137.73,5,59,4.0,726,True,False,https://assets.solemate.com/products/pum-sue-12-1126.jpg,"The Puma Suede 12 in Black is a premium casual shoe made with leather upper. Designed for unisex, it offers outstanding comfort and durability."
1127,NIK-REA-08-1127,Nike React 8 Green,Nike,React,8,Basketball,Unisex,Green,Canvas,8.5,290.67,147.07,0,50,4.1,917,True,False,https://assets.solemate.com/products/nik-rea-08-1127.jpg,"The Nike React 8 in Green is a premium basketball shoe made with canvas upper. Designed for unisex, it offers outstanding comfort and durability."
1128,CON-CHU-07-1128,Converse Chuck 70 7 Beige,Converse,Chuck 70,7,Boots,Unisex,Beige,Knit,10.5,37.57,19.69,10,68,3.8,1893,True,False,https://assets.solemate.com/products/con-chu-07-1128.jpg,"The Converse Chuck 70 7 in Beige is a premium boots shoe made with knit upper. Designed for unisex, it offers outstanding comfort and durability."
1129,ADI-FOR-11-1129,Adidas Forum 11 Grey,Adidas,Forum,11,Casual,Unisex,Grey,Synthetic,7.5,243.32,131.18,0,85,3.5,1137,True,True,https://assets.solemate.com/products/adi-for-11-1129.jpg,"The Adidas Forum 11 in Grey is a premium casual shoe made with synthetic upper. Designed for unisex, it offers outstanding comfort and durability."
1130,PUM-CLY-02-1130,Puma Clyde 2 White,Puma,Clyde,2,Formal,Women,White,Canvas,8,270.58,162.62,10,2,3.9,2070,False,True,https://assets.solemate.com/products/pum-cly-02-1130.jpg,"The Puma Clyde 2 in White is a premium formal shoe made with canvas upper. Designed for women, it offers outstanding comfort and durability."
1131,SKE-MAX-04-1131,Skechers Max Cushioning 4 Grey,Skechers,Max Cushioning,4,Basketball,Women,Grey,Leather,8.5,288.96,184.84,15,130,5.0,1220,True,False,https://assets.solemate.com/products/ske-max-04-1131.jpg,"The Skechers Max Cushioning 4 in Grey is a premium basketball shoe made with leather upper. Designed for women, it offers outstanding comfort and durability."
1132,SKE-REL-09-1132,Skechers Relaxed Fit 9 Red,Skechers,Relaxed Fit,9,Training,Unisex,Red,Canvas,9.5,171.17,78.49,15,107,3.1,1137,True,False,https://assets.solemate.com/products/ske-rel-09-1132.jpg,"The Skechers Relaxed Fit 9 in Red is a premium training shoe made with canvas upper. Designed for unisex, it offers outstanding comfort and durability."
1133,ASI-GEL-10-1133,ASICS Gel-Venture 10 Navy,ASICS,Gel-Venture,10,Basketball,Kids,Navy,Knit,10.5,286.69,126.61,5,72,4.9,849,True,False,https://assets.solemate.com/products/asi-gel-10-1133.jpg,"The ASICS Gel-Venture 10 in Navy is a premium basketball shoe made with knit upper. Designed for kids, it offers outstanding comfort and durability."
1134,REE-ZIG-11-1134,Reebok Zig 11 Blue,Reebok,Zig,11,Football,Kids,Blue,Rubber,10.5,175.12,91.55,10,137,4.3,1224,True,True,https://assets.solemate.com/products/ree-zig-11-1134.jpg,"The Reebok Zig 11 in Blue is a premium football shoe made with rubber upper. Designed for kids, it offers outstanding comfort and durability."
1135,ADI-OZW-02-1135,Adidas Ozweego 2 Black,Adidas,Ozweego,2,Training,Men,Black,Canvas,9.5,67.54,39.51,10,25,4.0,1700,False,False,https://assets.solemate.com/products/adi-ozw-02-1135.jpg,"The Adidas Ozweego 2 in Black is a premium training shoe made with canvas upper. Designed for men, it offers outstanding comfort and durability."
1136,NIK-FOR-12-1136,Nike Force 12 White,Nike,Force,12,Basketball,Women,White,Rubber,10.5,277.63,145.65,15,48,3.4,407,True,False,https://assets.solemate.com/products/nik-for-12-1136.jpg,"The Nike Force 12 in White is a premium basketball shoe made with rubber upper. Designed for women, it offers outstanding comfort and durability."
1137,NIK-FOR-04-1137,Nike Force 4 Green,Nike,Force,4,Boots,Kids,Green,Rubber,12,59.31,37.58,0,112,3.1,2047,False,True,https://assets.solemate.com/products/nik-for-04-1137.jpg,"The Nike Force 4 in Green is a premium boots shoe made with rubber upper. Designed for kids, it offers outstanding comfort and durability."
1138,SKE-BRE-03-1138,Skechers Breathe Easy 3 Grey,Skechers,Breathe Easy,3,Formal,Unisex,Grey,Canvas,6.5,69.36,36.8,25,22,3.8,1629,False,False,https://assets.solemate.com/products/ske-bre-03-1138.jpg,"The Skechers Breathe Easy 3 in Grey is a premium formal shoe made with canvas upper. Designed for unisex, it offers outstanding comfort and durability."
1139,ASI-GEL-10-1139,ASICS Gel-Nimbus 10 Beige,ASICS,Gel-Nimbus,10,Casual,Women,Beige,Canvas,8,150.63,65.36,5,41,3.0,168,False,True,https://assets.solemate.com/products/asi-gel-10-1139.jpg,"The ASICS Gel-Nimbus 10 in Beige is a premium casual shoe made with canvas upper. Designed for women, it offers outstanding comfort and durability."
1140,UND-MIC-04-1140,Under Armour Micro G 4 White,Under Armour,Micro G,4,Running,Men,White,Canvas,6,289.18,126.71,10,29,4.6,1765,True,False,https://assets.solemate.com/products/und-mic-04-1140.jpg,"The Under Armour Micro G 4 in White is a premium running shoe made with canvas upper. Designed for men, it offers outstanding comfort and durability."
1141,REE-FLO-09-1141,Reebok Floatride 9 Beige,Reebok,Floatride,9,Boots,Unisex,Beige,Synthetic,7.5,283.56,122.01,15,106,4.6,110,True,True,https://assets.solemate.com/products/ree-flo-09-1141.jpg,"The Reebok Floatride 9 in Beige is a premium boots shoe made with synthetic upper. Designed for unisex, it offers outstanding comfort and durability."
1142,UND-DRI-09-1142,Under Armour Drive 9 Red,Under Armour,Drive,9,Hiking,Kids,Red,Leather,6.5,46.73,21.84,5,84,3.1,1048,True,False,https://assets.solemate.com/products/und-dri-09-1142.jpg,"The Under Armour Drive 9 in Red is a premium hiking shoe made with leather upper. Designed for kids, it offers outstanding comfort and durability."
1143,UND-CUR-10-1143,Under Armour Curry 10 Blue,Under Armour,Curry,10,Formal,Women,Blue,Knit,10.5,293.84,143.35,5,27,3.8,1025,True,False,https://assets.solemate.com/products/und-cur-10-1143.jpg,"The Under Armour Curry 10 in Blue is a premium formal shoe made with knit upper. Designed for women, it offers outstanding comfort and durability."
1144,PUM-PAC-09-1144,Puma Pacer 9 Green,Puma,Pacer,9,Basketball,Men,Green,Mesh,7.5,248.06,127.37,20,115,3.9,1733,True,False,https://assets.solemate.com/products/pum-pac-09-1144.jpg,"The Puma Pacer 9 in Green is a premium basketball shoe made with mesh upper. Designed for men, it offers outstanding comfort and durability."
1145,NIK-ZOO-07-1145,Nike Zoom 7 Green,Nike,Zoom,7,Casual,Men,Green,Mesh,9,80.2,34.22,25,5,3.8,705,False,False,https://assets.solemate.com/products/nik-zoo-07-1145.jpg,"The Nike Zoom 7 in Green is a premium casual shoe made with mesh upper. Designed for men, it offers outstanding comfort and durability."
1146,UND-HOV-12-1146,Under Armour HOVR 12 White,Under Armour,HOVR,12,Running,Unisex,White,Canvas,9,297.3,188.84,5,72,3.1,234,True,False,https://assets.solemate.com/products/und-hov-12-1146.jpg,"The Under Armour HOVR 12 in White is a premium running shoe made with canvas upper. Designed for unisex, it offers outstanding comfort and durability."
1147,NIK-MET-07-1147,Nike Metcon 7 Navy,Nike,Metcon,7,Sandals,Unisex,Navy,Synthetic,9,217.03,127.68,0,37,3.5,231,True,True,https://assets.solemate.com/products/nik-met-07-1147.jpg,"The Nike Metcon 7 in Navy is a premium sandals shoe made with synthetic upper. Designed for unisex, it offers outstanding comfort and durability."
1148,NEW-MAD-03-1148,New Balance Made in USA 3 Green,New Balance,Made in USA,3,Hiking,Men,Green,Rubber,7.5,189.31,99.97,25,20,3.4,1183,True,False,https://assets.solemate.com/products/new-mad-03-1148.jpg,"The New Balance Made in USA 3 in Green is a premium hiking shoe made with rubber upper. Designed for men, it offers outstanding comfort and durability."
1149,VAN-SK8-04-1149,Vans Sk8-Hi 4 Blue,Vans,Sk8-Hi,4,Football,Unisex,Blue,Synthetic,12,63.53,37.94,10,96,4.3,1441,True,False,https://assets.solemate.com/products/van-sk8-04-1149.jpg,"The Vans Sk8-Hi 4 in Blue is a premium football shoe made with synthetic upper. Designed for unisex, it offers outstanding comfort and durability."
1150,UND-CHA-04-1150,Under Armour Charged Assert 4 Red,Under Armour,Charged Assert,4,Training,Kids,Red,Rubber,10,286.66,158.77,20,61,3.6,2195,False,False,https://assets.solemate.com/products/und-cha-04-1150.jpg,"The Under Armour Charged Assert 4 in Red is a premium training shoe made with rubber upper. Designed for kids, it offers outstanding comfort and durability."
1151,NIK-WAF-11-1151,Nike Waffle 11 Brown,Nike,Waffle,11,Training,Women,Brown,Knit,11,200.48,98.44,25,5,4.4,611,True,False,https://assets.solemate.com/products/nik-waf-11-1151.jpg,"The Nike Waffle 11 in Brown is a premium training shoe made with knit upper. Designed for women, it offers outstanding comfort and durability."
1152,UND-CHA-07-1152,Under Armour Charged Assert 7 Beige,Under Armour,Charged Assert,7,Formal,Kids,Beige,Mesh,8.5,245.71,126.38,20,115,3.3,1606,True,True,https://assets.solemate.com/products/und-cha-07-1152.jpg,"The Under Armour Charged Assert 7 in Beige is a premium formal shoe made with mesh upper. Designed for kids, it offers outstanding comfort and durability."
1153,CON-LUG-06-1153,Converse Lugged 6 Navy,Converse,Lugged,6,Casual,Women,Navy,Mesh,9,212.88,97.81,25,23,3.7,2304,True,False,https://assets.solemate.com/products/con-lug-06-1153.jpg,"The Converse Lugged 6 in Navy is a premium casual shoe made with mesh upper. Designed for women, it offers outstanding comfort and durability."
1154,PUM-IGN-02-1154,Puma Ignite 2 Blue,Puma,Ignite,2,Basketball,Kids,Blue,Leather,9,293.12,159.09,25,126,4.2,2038,False,False,https://assets.solemate.com/products/pum-ign-02-1154.jpg,"The Puma Ignite 2 in Blue is a premium basketball shoe made with leather upper. Designed for kids, it offers outstanding comfort and durability."
1155,REE-VEN-02-1155,Reebok Ventilator 2 Green,Reebok,Ventilator,2,Football,Men,Green,Rubber,10,209.56,111.39,5,130,3.6,948,True,False,https://assets.solemate.com/products/ree-ven-02-1155.jpg,"The Reebok Ventilator 2 in Green is a premium football shoe made with rubber upper. Designed for men, it offers outstanding comfort and durability."
1156,NIK-AIR-04-1156,Nike Air Max 4 Beige,Nike,Air Max,4,Casual,Kids,Beige,Leather,11,112.53,45.13,25,110,4.0,531,True,True,https://assets.solemate.com/products/nik-air-04-1156.jpg,"The Nike Air Max 4 in Beige is a premium casual shoe made with leather upper. Designed for kids, it offers outstanding comfort and durability."
1157,NEW-FRE-05-1157,New Balance Fresh Foam 5 Blue,New Balance,Fresh Foam,5,Basketball,Women,Blue,Canvas,6.5,295.53,164.81,20,147,3.8,633,True,True,https://assets.solemate.com/products/new-fre-05-1157.jpg,"The New Balance Fresh Foam 5 in Blue is a premium basketball shoe made with canvas upper. Designed for women, it offers outstanding comfort and durability."
1158,SKE-GO -07-1158,Skechers Go Run 7 Pink,Skechers,Go Run,7,Hiking,Men,Pink,Synthetic,8.5,105.76,59.14,20,146,4.2,1756,True,False,https://assets.solemate.com/products/ske-go -07-1158.jpg,"The Skechers Go Run 7 in Pink is a premium hiking shoe made with synthetic upper. Designed for men, it offers outstanding comfort and durability."
1159,ASI-GEL-01-1159,ASICS Gel-Kayano 1 Brown,ASICS,Gel-Kayano,1,Sandals,Men,Brown,Suede,6,247.35,142.81,0,29,3.4,63,True,False,https://assets.solemate.com/products/asi-gel-01-1159.jpg,"The ASICS Gel-Kayano 1 in Brown is a premium sandals shoe made with suede upper. Designed for men, it offers outstanding comfort and durability."
1160,ASI-GEL-11-1160,ASICS Gel-Cumulus 11 Pink,ASICS,Gel-Cumulus,11,Training,Men,Pink,Knit,9.5,286.86,179.56,5,38,4.4,588,True,False,https://assets.solemate.com/products/asi-gel-11-1160.jpg,"The ASICS Gel-Cumulus 11 in Pink is a premium training shoe made with knit upper. Designed for men, it offers outstanding comfort and durability."
1161,ADI-NMD-05-1161,Adidas NMD 5 Black,Adidas,NMD,5,Formal,Men,Black,Rubber,9.5,188.24,83.55,0,34,4.0,200,True,True,https://assets.solemate.com/products/adi-nmd-05-1161.jpg,"The Adidas NMD 5 in Black is a premium formal shoe made with rubber upper. Designed for men, it offers outstanding comfort and durability."
1162,REE-INS-07-1162,Reebok InstaPump 7 Brown,Reebok,InstaPump,7,Hiking,Kids,Brown,Mesh,7,163.55,65.74,0,99,4.2,2254,False,False,https://assets.solemate.com/products/ree-ins-07-1162.jpg,"The Reebok InstaPump 7 in Brown is a premium hiking shoe made with mesh upper. Designed for kids, it offers outstanding comfort and durability."
1163,NIK-PEG-07-1163,Nike Pegasus 7 Black,Nike,Pegasus,7,Boots,Men,Black,Synthetic,6.5,101.21,52.88,15,140,3.4,1550,True,False,https://assets.solemate.com/products/nik-peg-07-1163.jpg,"The Nike Pegasus 7 in Black is a premium boots shoe made with synthetic upper. Designed for men, it offers outstanding comfort and durability."
1164,NEW-ARI-05-1164,New Balance Arishi 5 Blue,New Balance,Arishi,5,Running,Kids,Blue,Suede,12,31.7,16.56,10,14,3.9,2187,False,True,https://assets.solemate.com/products/new-ari-05-1164.jpg,"The New Balance Arishi 5 in Blue is a premium running shoe made with suede upper. Designed for kids, it offers outstanding comfort and durability."
1165,NIK-BLA-07-1165,Nike Blazer 7 Green,Nike,Blazer,7,Training,Men,Green,Mesh,6.5,72.42,46.56,0,96,3.8,6,True,True,https://assets.solemate.com/products/nik-bla-07-1165.jpg,"The Nike Blazer 7 in Green is a premium training shoe made with mesh upper. Designed for men, it offers outstanding comfort and durability."
1166,SKE-GLI-12-1166,Skechers Glide Step 12 Grey,Skechers,Glide Step,12,Hiking,Unisex,Grey,Leather,9.5,217.27,132.93,5,120,4.4,224,True,False,https://assets.solemate.com/products/ske-gli-12-1166.jpg,"The Skechers Glide Step 12 in Grey is a premium hiking shoe made with leather upper. Designed for unisex, it offers outstanding comfort and durability."
1167,NEW-ARI-12-1167,New Balance Arishi 12 Pink,New Balance,Arishi,12,Running,Unisex,Pink,Suede,11,43.95,27.56,5,49,3.1,56,True,False,https://assets.solemate.com/products/new-ari-12-1167.jpg,"The New Balance Arishi 12 in Pink is a premium running shoe made with suede upper. Designed for unisex, it offers outstanding comfort and durability."
1168,SKE-GO -03-1168,Skechers Go Run 3 Green,Skechers,Go Run,3,Hiking,Men,Green,Rubber,6,290.69,143.07,5,119,3.5,1815,True,False,https://assets.solemate.com/products/ske-go -03-1168.jpg,"The Skechers Go Run 3 in Green is a premium hiking shoe made with rubber upper. Designed for men, it offers outstanding comfort and durability."
1169,REE-CLU-07-1169,Reebok Club C 7 Red,Reebok,Club C,7,Hiking,Men,Red,Rubber,10.5,86.89,55.87,25,148,3.6,2200,True,True,https://assets.solemate.com/products/ree-clu-07-1169.jpg,"The Reebok Club C 7 in Red is a premium hiking shoe made with rubber upper. Designed for men, it offers outstanding comfort and durability."
1170,PUM-IGN-07-1170,Puma Ignite 7 Black,Puma,Ignite,7,Walking,Women,Black,Mesh,6.5,244.85,139.59,5,90,3.9,415,True,False,https://assets.solemate.com/products/pum-ign-07-1170.jpg,"The Puma Ignite 7 in Black is a premium walking shoe made with mesh upper. Designed for women, it offers outstanding comfort and durability."
1171,CON-ALL-02-1171,Converse All Star 2 Red,Converse,All Star,2,Training,Men,Red,Synthetic,10,176.18,112.26,20,99,5.0,1180,False,False,https://assets.solemate.com/products/con-all-02-1171.jpg,"The Converse All Star 2 in Red is a premium training shoe made with synthetic upper. Designed for men, it offers outstanding comfort and durability."
1172,SKE-GO -09-1172,Skechers Go Run 9 Red,Skechers,Go Run,9,Hiking,Unisex,Red,Suede,6,71.31,29.07,25,41,3.2,55,True,False,https://assets.solemate.com/products/ske-go -09-1172.jpg,"The Skechers Go Run 9 in Red is a premium hiking shoe made with suede upper. Designed for unisex, it offers outstanding comfort and durability."
1173,CON-STA-12-1173,Converse Star Player 12 Grey,Converse,Star Player,12,Football,Men,Grey,Canvas,9,189.45,104.11,0,1,4.4,1213,True,False,https://assets.solemate.com/products/con-sta-12-1173.jpg,"The Converse Star Player 12 in Grey is a premium football shoe made with canvas upper. Designed for men, it offers outstanding comfort and durability."
1174,UND-STR-08-1174,Under Armour Street Encounter 8 Green,Under Armour,Street Encounter,8,Hiking,Kids,Green,Synthetic,7.5,249.33,146.78,0,6,4.7,1863,True,False,https://assets.solemate.com/products/und-str-08-1174.jpg,"The Under Armour Street Encounter 8 in Green is a premium hiking shoe made with synthetic upper. Designed for kids, it offers outstanding comfort and durability."
1175,REE-AZT-07-1175,Reebok Aztrek 7 Grey,Reebok,Aztrek,7,Boots,Kids,Grey,Mesh,12,192.95,110.83,25,133,4.6,2309,True,False,https://assets.solemate.com/products/ree-azt-07-1175.jpg,"The Reebok Aztrek 7 in Grey is a premium boots shoe made with mesh upper. Designed for kids, it offers outstanding comfort and durability."
1176,REE-CLA-09-1176,Reebok Classic 9 White,Reebok,Classic,9,Boots,Women,White,Canvas,9,94.84,58.01,5,65,3.4,2162,True,False,https://assets.solemate.com/products/ree-cla-09-1176.jpg,"The Reebok Classic 9 in White is a premium boots shoe made with canvas upper. Designed for women, it offers outstanding comfort and durability."
1177,REE-WOR-01-1177,Reebok Workout 1 Pink,Reebok,Workout,1,Basketball,Unisex,Pink,Canvas,9.5,113.69,70.45,0,148,3.7,1405,False,False,https://assets.solemate.com/products/ree-wor-01-1177.jpg,"The Reebok Workout 1 in Pink is a premium basketball shoe made with canvas upper. Designed for unisex, it offers outstanding comfort and durability."
1178,PUM-SUE-04-1178,Puma Suede 4 Beige,Puma,Suede,4,Sandals,Women,Beige,Knit,8.5,78.71,50.47,10,96,4.8,1436,True,False,https://assets.solemate.com/products/pum-sue-04-1178.jpg,"The Puma Suede 4 in Beige is a premium sandals shoe made with knit upper. Designed for women, it offers outstanding comfort and durability."
1179,ADI-GAZ-12-1179,Adidas Gazelle 12 Navy,Adidas,Gazelle,12,Football,Kids,Navy,Knit,8,42.99,20.46,25,62,4.2,1185,True,False,https://assets.solemate.com/products/adi-gaz-12-1179.jpg,"The Adidas Gazelle 12 in Navy is a premium football shoe made with knit upper. Designed for kids, it offers outstanding comfort and durability."
1180,NEW-990-02-1180,New Balance 990 2 Blue,New Balance,990,2,Walking,Men,Blue,Leather,10.5,146.8,64.69,25,45,3.9,263,True,True,https://assets.solemate.com/products/new-990-02-1180.jpg,"The New Balance 990 2 in Blue is a premium walking shoe made with leather upper. Designed for men, it offers outstanding comfort and durability."
1181,UND-SPA-02-1181,Under Armour Spawn 2 White,Under Armour,Spawn,2,Walking,Kids,White,Rubber,9.5,204.63,104.68,5,98,3.1,82,True,False,https://assets.solemate.com/products/und-spa-02-1181.jpg,"The Under Armour Spawn 2 in White is a premium walking shoe made with rubber upper. Designed for kids, it offers outstanding comfort and durability."
1182,VAN-CHU-05-1182,Vans Chukka 5 Black,Vans,Chukka,5,Walking,Women,Black,Mesh,10.5,129.01,82.06,10,65,4.1,943,True,False,https://assets.solemate.com/products/van-chu-05-1182.jpg,"The Vans Chukka 5 in Black is a premium walking shoe made with mesh upper. Designed for women, it offers outstanding comfort and durability."
1183,NIK-WAF-10-1183,Nike Waffle 10 Red,Nike,Waffle,10,Basketball,Kids,Red,Synthetic,8,187.33,104.8,15,21,3.7,76,True,False,https://assets.solemate.com/products/nik-waf-10-1183.jpg,"The Nike Waffle 10 in Red is a premium basketball shoe made with synthetic upper. Designed for kids, it offers outstanding comfort and durability."
1184,CON-ALL-09-1184,Converse All Star 9 Brown,Converse,All Star,9,Basketball,Men,Brown,Rubber,7,173.52,73.28,0,71,4.7,177,True,False,https://assets.solemate.com/products/con-all-09-1184.jpg,"The Converse All Star 9 in Brown is a premium basketball shoe made with rubber upper. Designed for men, it offers outstanding comfort and durability."
1185,NIK-REA-02-1185,Nike React 2 Beige,Nike,React,2,Walking,Men,Beige,Synthetic,8,208.56,100.77,5,38,4.7,1691,True,False,https://assets.solemate.com/products/nik-rea-02-1185.jpg,"The Nike React 2 in Beige is a premium walking shoe made with synthetic upper. Designed for men, it offers outstanding comfort and durability."
1186,SKE-D'L-12-1186,Skechers D'Lites 12 Brown,Skechers,D'Lites,12,Walking,Unisex,Brown,Suede,8,131.46,59.65,0,91,3.5,1052,True,True,https://assets.solemate.com/products/ske-d'l-12-1186.jpg,"The Skechers D'Lites 12 in Brown is a premium walking shoe made with suede upper. Designed for unisex, it offers outstanding comfort and durability."
1187,ASI-MET-02-1187,ASICS Metaracer 2 White,ASICS,Metaracer,2,Sandals,Men,White,Mesh,11,101.7,50.65,25,18,4.2,102,False,True,https://assets.solemate.com/products/asi-met-02-1187.jpg,"The ASICS Metaracer 2 in White is a premium sandals shoe made with mesh upper. Designed for men, it offers outstanding comfort and durability."
1188,ASI-JOL-02-1188,ASICS Jolt 2 Navy,ASICS,Jolt,2,Training,Women,Navy,Canvas,8.5,133.58,79.02,10,1,3.9,1993,True,False,https://assets.solemate.com/products/asi-jol-02-1188.jpg,"The ASICS Jolt 2 in Navy is a premium training shoe made with canvas upper. Designed for women, it offers outstanding comfort and durability."
1189,SKE-MAX-09-1189,Skechers Max Cushioning 9 Red,Skechers,Max Cushioning,9,Basketball,Unisex,Red,Rubber,9,217.42,122.75,10,46,3.5,1256,True,True,https://assets.solemate.com/products/ske-max-09-1189.jpg,"The Skechers Max Cushioning 9 in Red is a premium basketball shoe made with rubber upper. Designed for unisex, it offers outstanding comfort and durability."
1190,REE-WOR-04-1190,Reebok Workout 4 White,Reebok,Workout,4,Formal,Kids,White,Knit,9.5,210.04,100.59,25,46,3.4,559,False,False,https://assets.solemate.com/products/ree-wor-04-1190.jpg,"The Reebok Workout 4 in White is a premium formal shoe made with knit upper. Designed for kids, it offers outstanding comfort and durability."
1191,ASI-GEL-12-1191,ASICS Gel-Nimbus 12 Navy,ASICS,Gel-Nimbus,12,Football,Men,Navy,Mesh,7,245.21,135.55,0,0,3.9,1565,True,False,https://assets.solemate.com/products/asi-gel-12-1191.jpg,"The ASICS Gel-Nimbus 12 in Navy is a premium football shoe made with mesh upper. Designed for men, it offers outstanding comfort and durability."
1192,UND-STR-07-1192,Under Armour Street Encounter 7 Beige,Under Armour,Street Encounter,7,Hiking,Women,Beige,Rubber,6,211.64,113.7,5,8,3.5,7,True,False,https://assets.solemate.com/products/und-str-07-1192.jpg,"The Under Armour Street Encounter 7 in Beige is a premium hiking shoe made with rubber upper. Designed for women, it offers outstanding comfort and durability."
1193,ASI-NOV-08-1193,ASICS Novablast 8 White,ASICS,Novablast,8,Casual,Men,White,Suede,8.5,121.9,74.8,0,52,4.5,1629,True,False,https://assets.solemate.com/products/asi-nov-08-1193.jpg,"The ASICS Novablast 8 in White is a premium casual shoe made with suede upper. Designed for men, it offers outstanding comfort and durability."
1194,CON-STA-07-1194,Converse Star Player 7 Beige,Converse,Star Player,7,Boots,Men,Beige,Canvas,12,193.24,121.78,5,82,4.8,1606,True,False,https://assets.solemate.com/products/con-sta-07-1194.jpg,"The Converse Star Player 7 in Beige is a premium boots shoe made with canvas upper. Designed for men, it offers outstanding comfort and durability."
1195,ADI-FOR-08-1195,Adidas Forum 8 Brown,Adidas,Forum,8,Training,Women,Brown,Canvas,10,145.74,74.28,0,82,3.2,482,True,False,https://assets.solemate.com/products/adi-for-08-1195.jpg,"The Adidas Forum 8 in Brown is a premium training shoe made with canvas upper. Designed for women, it offers outstanding comfort and durability."
1196,NEW-ARI-04-1196,New Balance Arishi 4 Pink,New Balance,Arishi,4,Hiking,Women,Pink,Canvas,6.5,228.79,97.12,25,128,3.6,1439,True,False,https://assets.solemate.com/products/new-ari-04-1196.jpg,"The New Balance Arishi 4 in Pink is a premium hiking shoe made with canvas upper. Designed for women, it offers outstanding comfort and durability."
1197,SKE-MAX-04-1197,Skechers Max Cushioning 4 Grey,Skechers,Max Cushioning,4,Casual,Men,Grey,Knit,7,159.58,76.57,15,150,4.1,2343,True,False,https://assets.solemate.com/products/ske-max-04-1197.jpg,"The Skechers Max Cushioning 4 in Grey is a premium casual shoe made with knit upper. Designed for men, it offers outstanding comfort and durability."
1198,CON-RUN-11-1198,Converse Run Star 11 Red,Converse,Run Star,11,Running,Men,Red,Mesh,8.5,224.6,98.95,25,57,4.5,2070,True,False,https://assets.solemate.com/products/con-run-11-1198.jpg,"The Converse Run Star 11 in Red is a premium running shoe made with mesh upper. Designed for men, it offers outstanding comfort and durability."
1199,VAN-ULT-08-1199,Vans UltraRange 8 Red,Vans,UltraRange,8,Hiking,Men,Red,Leather,7,271.57,119.75,0,130,3.3,91,True,False,https://assets.solemate.com/products/van-ult-08-1199.jpg,"The Vans UltraRange 8 in Red is a premium hiking shoe made with leather upper. Designed for men, it offers outstanding comfort and durability."
1200,NIK-FOR-06-1200,Nike Force 6 White,Nike,Force,6,Formal,Kids,White,Canvas,11,70.63,42.99,10,54,4.9,187,True,False,https://assets.solemate.com/products/nik-for-06-1200.jpg,"The Nike Force 6 in White is a premium formal shoe made with canvas upper. Designed for kids, it offers outstanding comfort and durability."
